t(s),CH3CH3*,CH2CH2*,ClCH2CH2Cl*,CH3CH2*,ClCH2CH2*,H*,Cl*,TS12,TS16,TS47,TS49,PtCu111(*)
0.00000000e+00,0.00000000e+00,0.00000000e+00,0.00000000e+00,0.00000000e+00,0.00000000e+00,0.00000000e+00,0.00000000e+00,0.00000000e+00,0.00000000e+00,0.00000000e+00,0.00000000e+00,1.00000000e+00
