,0,1,2,3,4,mean,std
N2(T),4.149904251098633,20.0,11.070560455322266,-20.0,20.0,7.0440929412841795,14.776215938195973
N(T),10.984539031982422,20.0,-9.308090209960938,20.0,13.562088012695312,11.04770736694336,10.779347680058724
TS4_N2(T),-20.0,-5.730923652648926,17.795082092285156,-3.5062828063964844,-15.812801361083984,-5.450985145568848,13.139870191909269
N2(S),20.0,-20.0,-2.366941452026367,3.909147262573242,7.521726608276367,1.8127864837646483,13.122722592121335
N(S),18.59206771850586,18.634552001953125,18.594432830810547,18.479015350341797,18.613189697265625,18.58265151977539,0.05402621592859102
TS4_N2(S),-11.215587615966797,-11.21866512298584,-11.221760749816895,-11.148289680480957,-11.21284294128418,-11.203429222106934,0.027730817818792636
