,0,1,2,3,4,mean,std
N2(T),9.687796376217904,20.0,-10.27724434016221,-4.4849249046673165,18.086241069554937,6.602373640188662,12.072656119162238
N(T),-19.999624124647084,-17.079506913217877,-10.737482366650651,-20.0,1.397396310702685,-13.283843418762583,8.082552637355501
TS4_N2(T),-2.089995913338768,-20.0,12.08964948898068,-20.0,19.044633449563307,-2.1911425949589565,16.05752310635231
N2(S),19.085546358251996,0.662957036401778,-20.0,-1.2679873006710958,20.0,3.696103218796536,14.818903391275438
N(S),12.942108103336594,19.729995992118518,11.086194530319144,15.707671902222273,10.141429162005684,13.921479938000441,3.4703353407600246
TS4_N2(S),-2.5942904692137585,-1.8821579236982342,-9.14542123486774,-11.186094139098302,-9.998974161021748,-6.961387585579956,3.917019066325295
