,0,1,2,3,4,mean,std
EDH_prefactor,9.0,8.237161636352539,8.03366470336914,7.426990985870361,7.839504718780518,8.107464408874511,0.5203333592427352
EDH_Ea,82.09632873535156,50.0,149.79751586914062,50.0,71.357666015625,80.65030212402344,36.738707892642424
Hyd_prefactor,6.827603340148926,6.626036167144775,8.191579818725586,6.0,6.0,6.729043865203858,0.8027883763592185
Hyd_Ea,81.42107391357422,77.58403778076172,103.93574523925781,67.12812805175781,67.62002563476562,79.53780212402344,13.406393571906646
RWGS_prefactor,7.583638668060303,7.248016357421875,6.517519950866699,6.7549309730529785,6.554849624633789,6.931791114807129,0.41710637271009393
RWGS_Ea,89.33563995361328,75.11547088623047,72.48011016845703,73.75535583496094,74.30059814453125,76.9974349975586,6.228375717214775
