,ST,S1
a,0.0009041104063983907,0.0009922366025015097
b,1.0062808582257055,1.0014678968899826
