,N2(T),N(T),TS4_N2(T),N2(S),N(S),TS4_N2(S)
0,6.959765516670089,-4.629843081311661,-16.88979206205836,5.97427204174473,17.524267700455674,-10.841388069480615
