,0,1,mean,std
a,1.0000299446073417,0.9998432217377295,0.9999365831725356,9.336143480609405e-05
b,99.99997160133412,100.00007215650602,100.00002187892008,5.027758594877696e-05
