,0,1,2,3,4,mean,std
EDH_prefactor,8.20842110498237,7.267391853355923,9.0,8.88111013266644,9.0,8.471384618200947,0.6701480176851308
EDH_Ea,193.9615246002678,139.3027899150946,121.96955978882391,137.32841301372633,50.42240026604894,128.59693751679234,46.083757647219
Hyd_prefactor,8.839142011718785,6.418969097114898,6.0,8.692648705180652,6.0,7.190151962802867,1.2964807012630244
Hyd_Ea,113.52865449458221,74.83193740190262,67.90596800219146,111.84528590682908,70.257453862879,87.67385993367688,20.551126302527067
RWGS_prefactor,8.863456842405444,6.0014587482332065,7.214176819415734,7.061895623196307,9.0,7.628197606650138,1.144211313362069
RWGS_Ea,85.50360231976896,65.42426285907564,84.25022448424619,82.77610006296388,118.31643609844298,87.25412516489953,17.167122689417017
