,0,1,2,3,4,mean,std
EDH_prefactor,8.38823127746582,7.806957244873047,8.097485542297363,7.789838790893555,7.097535133361816,7.83600959777832,0.42933408210669105
EDH_Ea,90.41676330566406,83.98963165283203,146.31430053710938,50.07102584838867,52.03459167480469,84.56526260375976,34.91593337596421
Hyd_prefactor,8.49913215637207,8.020054817199707,7.941706657409668,6.776140213012695,8.44520378112793,7.936447525024414,0.6210922344653014
Hyd_Ea,108.24058532714844,100.92029571533203,99.488037109375,79.95497131347656,107.28826141357422,99.17843017578124,10.203561548154234
RWGS_prefactor,6.371957302093506,6.166655540466309,9.0,8.999968528747559,7.208781719207764,7.549472618103027,1.2347278040653507
RWGS_Ea,50.0,68.08319091796875,112.85498809814453,56.42719650268555,64.40899658203125,70.35487442016601,22.158857356258583
